<?xml version="1.0" encoding="UTF-8" standalone="yes"?>
<types>
    <!-- ... -->
    <type name="InediaInfectedAI_Calcium">
        <nominal>5</nominal>
        <lifetime>14400</lifetime>
        <restock>0</restock>
        <min>1</min>
        <quantmin>10</quantmin>
        <quantmax>10</quantmax>
        <cost>100</cost>
        <flags count_in_cargo="0" count_in_hoarder="0" count_in_map="1" count_in_player="0" crafted="0" deloot="0"/>
        <category name="tools"/>
        <usage name="Medic"/>
        <usage name="Military"/>
    </type>
    <!-- ... -->
</types>
