<?xml version="1.0" encoding="UTF-8" standalone="yes"?>
<messages>

See https://community.bistudio.com/wiki/DayZ:Server_Messages for more information

Example messages:

1) following message will be displayed to every player in countdown manner
    and shuts down server in 24 hours from its start

    <message>
        <deadline>4320</deadline>
        <shutdown>0</shutdown>
        <text>Server will shutdown in #tmin minutes.</text>
    </message>


2) following message will be displayed every 15 minutes to every player

    <message>
        <repeat>15</repeat>
        <text>Server Name: Sakhal DarkNights Expansion AI</text>
    </message>
    <message>
        <repeat>16</repeat>
        <text>Server IP: 75.46.238.137</text>
    </message>

</messages>