<?xml version="1.0" encoding="UTF-8"?>
<territory-type>
    <territory color="771751936">
        <zone name="Zone_hare" smin="0" smax="0" dmin="0" dmax="2" x="12711.4" z="7105.71" r="50"/>
        <zone name="Zone_hare" smin="0" smax="0" dmin="0" dmax="2" x="12686.7" z="7008.33" r="50"/>
        <zone name="Zone_hare" smin="0" smax="0" dmin="0" dmax="2" x="12600" z="6690" r="50"/>
        <zone name="Zone_hare" smin="0" smax="0" dmin="0" dmax="2" x="12513.3" z="6691.67" r="50"/>
        <zone name="Zone_hare" smin="0" smax="0" dmin="0" dmax="2" x="12001.7" z="6593.33" r="50"/>
        <zone name="Zone_hare" smin="0" smax="0" dmin="0" dmax="2" x="11910" z="6593.33" r="50"/>
        <zone name="Zone_hare" smin="0" smax="0" dmin="0" dmax="2" x="12801.7" z="7608.33" r="50"/>
        <zone name="Zone_hare" smin="0" smax="0" dmin="0" dmax="2" x="12586.7" z="7511.67" r="50"/>
        <zone name="Zone_hare" smin="0" smax="0" dmin="0" dmax="2" x="12618.3" z="7606.67" r="50"/>
        <zone name="Zone_hare" smin="0" smax="0" dmin="0" dmax="2" x="12456.7" z="8021.67" r="50"/>
        <zone name="Zone_hare" smin="0" smax="0" dmin="0" dmax="2" x="12433.3" z="8295" r="50"/>
        <zone name="Zone_hare" smin="0" smax="0" dmin="0" dmax="2" x="12280" z="8268.33" r="50"/>
        <zone name="Zone_hare" smin="0" smax="0" dmin="0" dmax="2" x="12175" z="8110" r="50"/>
        <zone name="Zone_hare" smin="0" smax="0" dmin="0" dmax="2" x="10788.8" z="6466.88" r="50"/>
        <zone name="Zone_hare" smin="0" smax="0" dmin="0" dmax="2" x="10903.1" z="6504.38" r="50"/>
        <zone name="Zone_hare" smin="0" smax="0" dmin="0" dmax="2" x="10993.1" z="6631.88" r="50"/>
        <zone name="Zone_hare" smin="0" smax="0" dmin="0" dmax="2" x="10580.6" z="6710.63" r="50"/>
        <zone name="Zone_hare" smin="0" smax="0" dmin="0" dmax="2" x="10706.3" z="6703.13" r="50"/>
        <zone name="Zone_hare" smin="0" smax="0" dmin="0" dmax="2" x="11700" z="7276.88" r="50"/>
        <zone name="Zone_hare" smin="0" smax="0" dmin="0" dmax="2" x="11681.3" z="7033.13" r="50"/>
        <zone name="Zone_hare" smin="0" smax="0" dmin="0" dmax="2" x="11231.3" z="7912.5" r="50"/>
        <zone name="Zone_hare" smin="0" smax="0" dmin="0" dmax="2" x="11088.8" z="7809.38" r="50"/>
        <zone name="Zone_hare" smin="0" smax="0" dmin="0" dmax="2" x="10996.9" z="7912.5" r="50"/>
        <zone name="Zone_hare" smin="0" smax="0" dmin="0" dmax="2" x="10378.1" z="7824.38" r="50"/>
        <zone name="Zone_hare" smin="0" smax="0" dmin="0" dmax="2" x="10361.3" z="7363.13" r="50"/>
        <zone name="Zone_hare" smin="0" smax="0" dmin="0" dmax="2" x="10471.9" z="6836.25" r="50"/>
        <zone name="Zone_hare" smin="0" smax="0" dmin="0" dmax="2" x="10449.4" z="6950.63" r="50"/>
        <zone name="Zone_hare" smin="0" smax="0" dmin="0" dmax="2" x="10413.8" z="7141.88" r="50"/>
        <zone name="Zone_hare" smin="0" smax="0" dmin="0" dmax="2" x="10479.4" z="7241.25" r="50"/>
        <zone name="Zone_hare" smin="0" smax="0" dmin="0" dmax="2" x="13819.3" z="8370" r="50"/>
        <zone name="Zone_hare" smin="0" smax="0" dmin="0" dmax="2" x="13714.3" z="8372.14" r="50"/>
        <zone name="Zone_hare" smin="0" smax="0" dmin="0" dmax="2" x="13725" z="8490" r="50"/>
        <zone name="Zone_hare" smin="0" smax="0" dmin="0" dmax="2" x="14115" z="8472.86" r="50"/>
        <zone name="Zone_hare" smin="0" smax="0" dmin="0" dmax="2" x="13847.1" z="8256.43" r="50"/>
        <zone name="Zone_hare" smin="0" smax="0" dmin="0" dmax="2" x="13562.1" z="8305.71" r="50"/>
        <zone name="Zone_hare" smin="0" smax="0" dmin="0" dmax="2" x="13607.1" z="8440.71" r="50"/>
        <zone name="Zone_hare" smin="0" smax="0" dmin="0" dmax="2" x="14125.7" z="8685" r="50"/>
        <zone name="Zone_hare" smin="0" smax="0" dmin="0" dmax="2" x="14048.6" z="8813.57" r="50"/>
        <zone name="Zone_hare" smin="0" smax="0" dmin="0" dmax="2" x="14074.3" z="8989.29" r="50"/>
        <zone name="Zone_hare" smin="0" smax="0" dmin="0" dmax="2" x="13982.1" z="9124.29" r="50"/>
        <zone name="Zone_hare" smin="0" smax="0" dmin="0" dmax="2" x="14247.9" z="9051.43" r="50"/>
        <zone name="Zone_hare" smin="0" smax="0" dmin="0" dmax="2" x="14235" z="8905.71" r="50"/>
        <zone name="Zone_hare" smin="0" smax="0" dmin="0" dmax="2" x="14292.9" z="8826.43" r="50"/>
        <zone name="Zone_hare" smin="0" smax="0" dmin="0" dmax="2" x="14342.1" z="9040.71" r="50"/>
        <zone name="Zone_hare" smin="0" smax="0" dmin="0" dmax="2" x="14434.3" z="9593.57" r="50"/>
        <zone name="Zone_hare" smin="0" smax="0" dmin="0" dmax="2" x="14372.1" z="9672.86" r="50"/>
        <zone name="Zone_hare" smin="0" smax="0" dmin="0" dmax="2" x="14560.7" z="9685.71" r="50"/>
        <zone name="Zone_hare" smin="0" smax="0" dmin="0" dmax="2" x="14284.3" z="10129.3" r="50"/>
        <zone name="Zone_hare" smin="0" smax="0" dmin="0" dmax="2" x="14104.3" z="10178.6" r="50"/>
        <zone name="Zone_hare" smin="0" smax="0" dmin="0" dmax="2" x="14303.6" z="10227.9" r="50"/>
        <zone name="Zone_hare" smin="0" smax="0" dmin="0" dmax="2" x="14445" z="10002.9" r="50"/>
        <zone name="Zone_hare" smin="0" smax="0" dmin="0" dmax="2" x="14644.3" z="10641.4" r="50"/>
        <zone name="Zone_hare" smin="0" smax="0" dmin="0" dmax="2" x="14592.9" z="10542.9" r="50"/>
        <zone name="Zone_hare" smin="0" smax="0" dmin="0" dmax="2" x="14535" z="10975.7" r="50"/>
        <zone name="Zone_hare" smin="0" smax="0" dmin="0" dmax="2" x="14404.3" z="10990.7" r="50"/>
        <zone name="Zone_hare" smin="0" smax="0" dmin="0" dmax="2" x="14387.1" z="11142.9" r="50"/>
        <zone name="Zone_hare" smin="0" smax="0" dmin="0" dmax="2" x="14286.4" z="11151.4" r="50"/>
        <zone name="Zone_hare" smin="0" smax="0" dmin="0" dmax="2" x="14228.6" z="11479.3" r="50"/>
        <zone name="Zone_hare" smin="0" smax="0" dmin="0" dmax="2" x="14095.7" z="11565" r="50"/>
        <zone name="Zone_hare" smin="0" smax="0" dmin="0" dmax="2" x="13429.3" z="11359.3" r="50"/>
        <zone name="Zone_hare" smin="0" smax="0" dmin="0" dmax="2" x="13212.9" z="11937.9" r="50"/>
        <zone name="Zone_hare" smin="0" smax="0" dmin="0" dmax="2" x="13163.6" z="12085.7" r="50"/>
        <zone name="Zone_hare" smin="0" smax="0" dmin="0" dmax="2" x="13097.1" z="11805" r="50"/>
        <zone name="Zone_hare" smin="0" smax="0" dmin="0" dmax="2" x="12970.7" z="11667.9" r="50"/>
        <zone name="Zone_hare" smin="0" smax="0" dmin="0" dmax="2" x="12889.3" z="11627.1" r="50"/>
        <zone name="Zone_hare" smin="0" smax="0" dmin="0" dmax="2" x="12743.6" z="12443.6" r="50"/>
        <zone name="Zone_hare" smin="0" smax="0" dmin="0" dmax="2" x="12985.7" z="12398.6" r="50"/>
        <zone name="Zone_hare" smin="0" smax="0" dmin="0" dmax="2" x="11798.6" z="12803.6" r="50"/>
        <zone name="Zone_hare" smin="0" smax="0" dmin="0" dmax="2" x="11706.4" z="12927.9" r="50"/>
        <zone name="Zone_hare" smin="0" smax="0" dmin="0" dmax="2" x="11697.9" z="12604.3" r="50"/>
        <zone name="Zone_hare" smin="0" smax="0" dmin="0" dmax="2" x="11547.9" z="12602.1" r="50"/>
        <zone name="Zone_hare" smin="0" smax="0" dmin="0" dmax="2" x="11447.1" z="12353.6" r="50"/>
        <zone name="Zone_hare" smin="0" smax="0" dmin="0" dmax="2" x="11987.1" z="12651.4" r="50"/>
        <zone name="Zone_hare" smin="0" smax="0" dmin="0" dmax="2" x="12250.7" z="12707.1" r="50"/>
        <zone name="Zone_hare" smin="0" smax="0" dmin="0" dmax="2" x="12180" z="12516.4" r="50"/>
        <zone name="Zone_hare" smin="0" smax="0" dmin="0" dmax="2" x="10935" z="13041.4" r="50"/>
        <zone name="Zone_hare" smin="0" smax="0" dmin="0" dmax="2" x="10945.7" z="12938.6" r="50"/>
        <zone name="Zone_hare" smin="0" smax="0" dmin="0" dmax="2" x="11080.7" z="13114.3" r="50"/>
        <zone name="Zone_hare" smin="0" smax="0" dmin="0" dmax="2" x="10832.1" z="13170" r="50"/>
        <zone name="Zone_hare" smin="0" smax="0" dmin="0" dmax="2" x="10500" z="13219.3" r="50"/>
        <zone name="Zone_hare" smin="0" smax="0" dmin="0" dmax="2" x="10553.6" z="13107.9" r="50"/>
        <zone name="Zone_hare" smin="0" smax="0" dmin="0" dmax="2" x="9807.86" z="13264.3" r="50"/>
        <zone name="Zone_hare" smin="0" smax="0" dmin="0" dmax="2" x="9325.71" z="13302.9" r="50"/>
        <zone name="Zone_hare" smin="0" smax="0" dmin="0" dmax="2" x="9263.57" z="13392.9" r="50"/>
        <zone name="Zone_hare" smin="0" smax="0" dmin="0" dmax="2" x="9722.14" z="13435.7" r="50"/>
        <zone name="Zone_hare" smin="0" smax="0" dmin="0" dmax="2" x="8395.71" z="13557.9" r="50"/>
        <zone name="Zone_hare" smin="0" smax="0" dmin="0" dmax="2" x="8395.71" z="13478.6" r="50"/>
        <zone name="Zone_hare" smin="0" smax="0" dmin="0" dmax="2" x="8535" z="13613.6" r="50"/>
        <zone name="Zone_hare" smin="0" smax="0" dmin="0" dmax="2" x="8515.71" z="13495.7" r="50"/>
        <zone name="Zone_hare" smin="0" smax="0" dmin="0" dmax="2" x="8612.14" z="13427.1" r="50"/>
        <zone name="Zone_hare" smin="0" smax="0" dmin="0" dmax="2" x="8659.29" z="13566.4" r="50"/>
        <zone name="Zone_hare" smin="0" smax="0" dmin="0" dmax="2" x="8650.71" z="13707.9" r="50"/>
        <zone name="Zone_hare" smin="0" smax="0" dmin="0" dmax="2" x="8817.86" z="13594.3" r="50"/>
        <zone name="Zone_hare" smin="0" smax="0" dmin="0" dmax="2" x="7868.57" z="13431.4" r="50"/>
        <zone name="Zone_hare" smin="0" smax="0" dmin="0" dmax="2" x="7988.57" z="13326.4" r="50"/>
        <zone name="Zone_hare" smin="0" smax="0" dmin="0" dmax="2" x="7907.14" z="13257.9" r="50"/>
        <zone name="Zone_hare" smin="0" smax="0" dmin="0" dmax="2" x="8016.43" z="13195.7" r="50"/>
        <zone name="Zone_hare" smin="0" smax="0" dmin="0" dmax="2" x="8175" z="12970.7" r="50"/>
        <zone name="Zone_hare" smin="0" smax="0" dmin="0" dmax="2" x="8121.43" z="13101.4" r="50"/>
        <zone name="Zone_hare" smin="0" smax="0" dmin="0" dmax="2" x="8164.29" z="13412.1" r="50"/>
        <zone name="Zone_hare" smin="0" smax="0" dmin="0" dmax="2" x="7463.57" z="13388.6" r="50"/>
        <zone name="Zone_hare" smin="0" smax="0" dmin="0" dmax="2" x="7510.71" z="13309.3" r="50"/>
        <zone name="Zone_hare" smin="0" smax="0" dmin="0" dmax="2" x="6972.86" z="13294.3" r="50"/>
        <zone name="Zone_hare" smin="0" smax="0" dmin="0" dmax="2" x="7000.71" z="13195.7" r="50"/>
        <zone name="Zone_hare" smin="0" smax="0" dmin="0" dmax="2" x="7056.43" z="13058.6" r="50"/>
        <zone name="Zone_hare" smin="0" smax="0" dmin="0" dmax="2" x="6707.14" z="13285.7" r="50"/>
        <zone name="Zone_hare" smin="0" smax="0" dmin="0" dmax="2" x="6651.43" z="13401.4" r="50"/>
        <zone name="Zone_hare" smin="0" smax="0" dmin="0" dmax="2" x="6572.14" z="12850.7" r="50"/>
        <zone name="Zone_hare" smin="0" smax="0" dmin="0" dmax="2" x="6507.86" z="12758.6" r="50"/>
        <zone name="Zone_hare" smin="0" smax="0" dmin="0" dmax="2" x="6593.57" z="12685.7" r="50"/>
        <zone name="Zone_hare" smin="0" smax="0" dmin="0" dmax="2" x="6797.14" z="12619.3" r="50"/>
        <zone name="Zone_hare" smin="0" smax="0" dmin="0" dmax="2" x="6752.14" z="12548.6" r="50"/>
        <zone name="Zone_hare" smin="0" smax="0" dmin="0" dmax="2" x="6694.29" z="12604.3" r="50"/>
        <zone name="Zone_hare" smin="0" smax="0" dmin="0" dmax="2" x="6833.57" z="12503.6" r="50"/>
        <zone name="Zone_hare" smin="0" smax="0" dmin="0" dmax="2" x="5937.86" z="12572.1" r="50"/>
        <zone name="Zone_hare" smin="0" smax="0" dmin="0" dmax="2" x="5852.14" z="12495" r="50"/>
        <zone name="Zone_hare" smin="0" smax="0" dmin="0" dmax="2" x="6015" z="12503.6" r="50"/>
        <zone name="Zone_hare" smin="0" smax="0" dmin="0" dmax="2" x="6122.14" z="12428.6" r="50"/>
        <zone name="Zone_hare" smin="0" smax="0" dmin="0" dmax="2" x="6370.71" z="12295.7" r="50"/>
        <zone name="Zone_hare" smin="0" smax="0" dmin="0" dmax="2" x="6450" z="12310.7" r="50"/>
        <zone name="Zone_hare" smin="0" smax="0" dmin="0" dmax="2" x="5597.5" z="12157.5" r="50"/>
        <zone name="Zone_hare" smin="0" smax="0" dmin="0" dmax="2" x="5652.5" z="12062.5" r="50"/>
        <zone name="Zone_hare" smin="0" smax="0" dmin="0" dmax="2" x="5600" z="12012.5" r="50"/>
        <zone name="Zone_hare" smin="0" smax="0" dmin="0" dmax="2" x="5600" z="11887.5" r="50"/>
        <zone name="Zone_hare" smin="0" smax="0" dmin="0" dmax="2" x="5720" z="11817.5" r="50"/>
        <zone name="Zone_hare" smin="0" smax="0" dmin="0" dmax="2" x="5760" z="11900" r="50"/>
        <zone name="Zone_hare" smin="0" smax="0" dmin="0" dmax="2" x="5112.5" z="11497.5" r="50"/>
        <zone name="Zone_hare" smin="0" smax="0" dmin="0" dmax="2" x="5132.5" z="11367.5" r="50"/>
        <zone name="Zone_hare" smin="0" smax="0" dmin="0" dmax="2" x="5802.5" z="11162.5" r="50"/>
        <zone name="Zone_hare" smin="0" smax="0" dmin="0" dmax="2" x="6467.5" z="10740" r="50"/>
        <zone name="Zone_hare" smin="0" smax="0" dmin="0" dmax="2" x="6565" z="10675" r="50"/>
        <zone name="Zone_hare" smin="0" smax="0" dmin="0" dmax="2" x="6390" z="10660" r="50"/>
        <zone name="Zone_hare" smin="0" smax="0" dmin="0" dmax="2" x="6395" z="10587.5" r="50"/>
        <zone name="Zone_hare" smin="0" smax="0" dmin="0" dmax="2" x="5077.5" z="9905" r="50"/>
        <zone name="Zone_hare" smin="0" smax="0" dmin="0" dmax="2" x="5005" z="9960" r="50"/>
        <zone name="Zone_hare" smin="0" smax="0" dmin="0" dmax="2" x="4935" z="9722.5" r="50"/>
        <zone name="Zone_hare" smin="0" smax="0" dmin="0" dmax="2" x="4867.5" z="9667.5" r="50"/>
        <zone name="Zone_hare" smin="0" smax="0" dmin="0" dmax="2" x="6620" z="10530" r="50"/>
        <zone name="Zone_hare" smin="0" smax="0" dmin="0" dmax="2" x="6677.5" z="10632.5" r="50"/>
        <zone name="Zone_hare" smin="0" smax="0" dmin="0" dmax="2" x="6485" z="10372.5" r="50"/>
        <zone name="Zone_hare" smin="0" smax="0" dmin="0" dmax="2" x="6567.5" z="10330" r="50"/>
        <zone name="Zone_hare" smin="0" smax="0" dmin="0" dmax="2" x="6302.5" z="10437.5" r="50"/>
        <zone name="Zone_hare" smin="0" smax="0" dmin="0" dmax="2" x="6411" z="11139" r="50"/>
        <zone name="Zone_hare" smin="0" smax="0" dmin="0" dmax="2" x="6603" z="11172" r="50"/>
        <zone name="Zone_hare" smin="0" smax="0" dmin="0" dmax="2" x="6456" z="11244" r="50"/>
        <zone name="Zone_hare" smin="0" smax="0" dmin="0" dmax="2" x="6702" z="11175" r="50"/>
        <zone name="Zone_hare" smin="0" smax="0" dmin="0" dmax="2" x="6810" z="11175" r="50"/>
        <zone name="Zone_hare" smin="0" smax="0" dmin="0" dmax="2" x="6969" z="11277" r="50"/>
        <zone name="Zone_hare" smin="0" smax="0" dmin="0" dmax="2" x="7080" z="11262" r="50"/>
        <zone name="Zone_hare" smin="0" smax="0" dmin="0" dmax="2" x="6948" z="11169" r="50"/>
        <zone name="Zone_hare" smin="0" smax="0" dmin="0" dmax="2" x="7083" z="11139" r="50"/>
        <zone name="Zone_hare" smin="0" smax="0" dmin="0" dmax="2" x="7347" z="11190" r="50"/>
        <zone name="Zone_hare" smin="0" smax="0" dmin="0" dmax="2" x="7218" z="11286" r="50"/>
        <zone name="Zone_hare" smin="0" smax="0" dmin="0" dmax="2" x="7299" z="11094" r="50"/>
        <zone name="Zone_hare" smin="0" smax="0" dmin="0" dmax="2" x="6969" z="10605" r="50"/>
        <zone name="Zone_hare" smin="0" smax="0" dmin="0" dmax="2" x="7101" z="10590" r="50"/>
        <zone name="Zone_hare" smin="0" smax="0" dmin="0" dmax="2" x="7032" z="10869" r="50"/>
        <zone name="Zone_hare" smin="0" smax="0" dmin="0" dmax="2" x="7116" z="10848" r="50"/>
        <zone name="Zone_hare" smin="0" smax="0" dmin="0" dmax="2" x="6741" z="10431" r="50"/>
        <zone name="Zone_hare" smin="0" smax="0" dmin="0" dmax="2" x="6972" z="10467" r="50"/>
        <zone name="Zone_hare" smin="0" smax="0" dmin="0" dmax="2" x="7881" z="10620" r="50"/>
        <zone name="Zone_hare" smin="0" smax="0" dmin="0" dmax="2" x="7956" z="10524" r="50"/>
        <zone name="Zone_hare" smin="0" smax="0" dmin="0" dmax="2" x="8022" z="10449" r="50"/>
        <zone name="Zone_hare" smin="0" smax="0" dmin="0" dmax="2" x="7773" z="10551" r="50"/>
        <zone name="Zone_hare" smin="0" smax="0" dmin="0" dmax="2" x="7869" z="10461" r="50"/>
        <zone name="Zone_hare" smin="0" smax="0" dmin="0" dmax="2" x="7659" z="10437" r="50"/>
        <zone name="Zone_hare" smin="0" smax="0" dmin="0" dmax="2" x="7746" z="10383" r="50"/>
        <zone name="Zone_hare" smin="0" smax="0" dmin="0" dmax="2" x="7809" z="10329" r="50"/>
        <zone name="Zone_hare" smin="0" smax="0" dmin="0" dmax="2" x="7491" z="10476" r="50"/>
        <zone name="Zone_hare" smin="0" smax="0" dmin="0" dmax="2" x="7467" z="10536" r="50"/>
        <zone name="Zone_hare" smin="0" smax="0" dmin="0" dmax="2" x="7584" z="10608" r="50"/>
        <zone name="Zone_hare" smin="0" smax="0" dmin="0" dmax="2" x="8020" z="9957.5" r="50"/>
        <zone name="Zone_hare" smin="0" smax="0" dmin="0" dmax="2" x="8100" z="9925" r="50"/>
        <zone name="Zone_hare" smin="0" smax="0" dmin="0" dmax="2" x="8212.5" z="9975" r="50"/>
        <zone name="Zone_hare" smin="0" smax="0" dmin="0" dmax="2" x="8222.5" z="9892.5" r="50"/>
        <zone name="Zone_hare" smin="0" smax="0" dmin="0" dmax="2" x="8127.5" z="9795" r="50"/>
        <zone name="Zone_hare" smin="0" smax="0" dmin="0" dmax="2" x="8207.5" z="9747.5" r="50"/>
        <zone name="Zone_hare" smin="0" smax="0" dmin="0" dmax="2" x="8220" z="9685" r="50"/>
        <zone name="Zone_hare" smin="0" smax="0" dmin="0" dmax="2" x="8180" z="9587.5" r="50"/>
        <zone name="Zone_hare" smin="0" smax="0" dmin="0" dmax="2" x="8337.5" z="9690" r="50"/>
        <zone name="Zone_hare" smin="0" smax="0" dmin="0" dmax="2" x="8285" z="9565" r="50"/>
        <zone name="Zone_hare" smin="0" smax="0" dmin="0" dmax="2" x="8250" z="9437.5" r="50"/>
        <zone name="Zone_hare" smin="0" smax="0" dmin="0" dmax="2" x="8087.5" z="9452.5" r="50"/>
        <zone name="Zone_hare" smin="0" smax="0" dmin="0" dmax="2" x="8170" z="9342.5" r="50"/>
        <zone name="Zone_hare" smin="0" smax="0" dmin="0" dmax="2" x="8302.5" z="10082.5" r="50"/>
        <zone name="Zone_hare" smin="0" smax="0" dmin="0" dmax="2" x="7102.5" z="7982.5" r="50"/>
        <zone name="Zone_hare" smin="0" smax="0" dmin="0" dmax="2" x="7557.5" z="7995" r="50"/>
        <zone name="Zone_hare" smin="0" smax="0" dmin="0" dmax="2" x="7630" z="8017.5" r="50"/>
        <zone name="Zone_hare" smin="0" smax="0" dmin="0" dmax="2" x="7417.5" z="8105" r="50"/>
        <zone name="Zone_hare" smin="0" smax="0" dmin="0" dmax="2" x="7735" z="8982.5" r="50"/>
        <zone name="Zone_hare" smin="0" smax="0" dmin="0" dmax="2" x="7867.5" z="9102.5" r="50"/>
        <zone name="Zone_hare" smin="0" smax="0" dmin="0" dmax="2" x="7937.5" z="9222.5" r="50"/>
        <zone name="Zone_hare" smin="0" smax="0" dmin="0" dmax="2" x="8092.5" z="9220" r="50"/>
        <zone name="Zone_hare" smin="0" smax="0" dmin="0" dmax="2" x="7990" z="9052.5" r="50"/>
        <zone name="Zone_hare" smin="0" smax="0" dmin="0" dmax="2" x="8287.5" z="9030" r="50"/>
        <zone name="Zone_hare" smin="0" smax="0" dmin="0" dmax="2" x="8370" z="9107.5" r="50"/>
        <zone name="Zone_hare" smin="0" smax="0" dmin="0" dmax="2" x="8495" z="9182.5" r="50"/>
        <zone name="Zone_hare" smin="0" smax="0" dmin="0" dmax="2" x="8515" z="9087.5" r="50"/>
        <zone name="Zone_hare" smin="0" smax="0" dmin="0" dmax="2" x="8440" z="9022.5" r="50"/>
        <zone name="Zone_hare" smin="0" smax="0" dmin="0" dmax="2" x="8675" z="8915" r="50"/>
        <zone name="Zone_hare" smin="0" smax="0" dmin="0" dmax="2" x="8607.5" z="8820" r="50"/>
        <zone name="Zone_hare" smin="0" smax="0" dmin="0" dmax="2" x="7215" z="8820" r="50"/>
        <zone name="Zone_hare" smin="0" smax="0" dmin="0" dmax="2" x="7285" z="8685" r="50"/>
        <zone name="Zone_hare" smin="0" smax="0" dmin="0" dmax="2" x="6835" z="8410" r="50"/>
        <zone name="Zone_hare" smin="0" smax="0" dmin="0" dmax="2" x="6677.5" z="8307.5" r="50"/>
        <zone name="Zone_hare" smin="0" smax="0" dmin="0" dmax="2" x="6735" z="8267.5" r="50"/>
        <zone name="Zone_hare" smin="0" smax="0" dmin="0" dmax="2" x="6780" z="8357.5" r="50"/>
        <zone name="Zone_hare" smin="0" smax="0" dmin="0" dmax="2" x="6977.5" z="8302.5" r="50"/>
        <zone name="Zone_hare" smin="0" smax="0" dmin="0" dmax="2" x="7075" z="8472.5" r="50"/>
        <zone name="Zone_hare" smin="0" smax="0" dmin="0" dmax="2" x="6992.5" z="8447.5" r="50"/>
        <zone name="Zone_hare" smin="0" smax="0" dmin="0" dmax="2" x="5962.5" z="8690" r="50"/>
        <zone name="Zone_hare" smin="0" smax="0" dmin="0" dmax="2" x="6182.5" z="8720" r="50"/>
        <zone name="Zone_hare" smin="0" smax="0" dmin="0" dmax="2" x="6290" z="8677.5" r="50"/>
        <zone name="Zone_hare" smin="0" smax="0" dmin="0" dmax="2" x="6317.5" z="8945" r="50"/>
        <zone name="Zone_hare" smin="0" smax="0" dmin="0" dmax="2" x="6147.5" z="8507.5" r="50"/>
        <zone name="Zone_hare" smin="0" smax="0" dmin="0" dmax="2" x="5957.5" z="8527.5" r="50"/>
        <zone name="Zone_hare" smin="0" smax="0" dmin="0" dmax="2" x="5123.33" z="8873.33" r="50"/>
        <zone name="Zone_hare" smin="0" smax="0" dmin="0" dmax="2" x="4890" z="8976.67" r="50"/>
        <zone name="Zone_hare" smin="0" smax="0" dmin="0" dmax="2" x="5250" z="9128.33" r="50"/>
        <zone name="Zone_hare" smin="0" smax="0" dmin="0" dmax="2" x="5186.67" z="9243.33" r="50"/>
        <zone name="Zone_hare" smin="0" smax="0" dmin="0" dmax="2" x="5403.33" z="9396.67" r="50"/>
        <zone name="Zone_hare" smin="0" smax="0" dmin="0" dmax="2" x="5411.67" z="9291.67" r="50"/>
        <zone name="Zone_hare" smin="0" smax="0" dmin="0" dmax="2" x="5328.33" z="9241.67" r="50"/>
        <zone name="Zone_hare" smin="0" smax="0" dmin="0" dmax="2" x="5528.33" z="9411.67" r="50"/>
        <zone name="Zone_hare" smin="0" smax="0" dmin="0" dmax="2" x="5728.33" z="9445" r="50"/>
        <zone name="Zone_hare" smin="0" smax="0" dmin="0" dmax="2" x="5301.67" z="9016.67" r="50"/>
        <zone name="Zone_hare" smin="0" smax="0" dmin="0" dmax="2" x="5365" z="8948.33" r="50"/>
        <zone name="Zone_hare" smin="0" smax="0" dmin="0" dmax="2" x="5415" z="9106.67" r="50"/>
        <zone name="Zone_hare" smin="0" smax="0" dmin="0" dmax="2" x="5525" z="9150" r="50"/>
        <zone name="Zone_hare" smin="0" smax="0" dmin="0" dmax="2" x="5605" z="9030" r="50"/>
        <zone name="Zone_hare" smin="0" smax="0" dmin="0" dmax="2" x="5811.67" z="9246.67" r="50"/>
        <zone name="Zone_hare" smin="0" smax="0" dmin="0" dmax="2" x="5863.33" z="9178.33" r="50"/>
        <zone name="Zone_hare" smin="0" smax="0" dmin="0" dmax="2" x="6095" z="9258.33" r="50"/>
        <zone name="Zone_hare" smin="0" smax="0" dmin="0" dmax="2" x="6050" z="9103.33" r="50"/>
        <zone name="Zone_hare" smin="0" smax="0" dmin="0" dmax="2" x="7467" z="8586" r="50"/>
        <zone name="Zone_hare" smin="0" smax="0" dmin="0" dmax="2" x="8274" z="8103" r="50"/>
        <zone name="Zone_hare" smin="0" smax="0" dmin="0" dmax="2" x="8280" z="7992" r="50"/>
        <zone name="Zone_hare" smin="0" smax="0" dmin="0" dmax="2" x="8466" z="7824" r="50"/>
        <zone name="Zone_hare" smin="0" smax="0" dmin="0" dmax="2" x="8313" z="7827" r="50"/>
        <zone name="Zone_hare" smin="0" smax="0" dmin="0" dmax="2" x="8358" z="7530" r="50"/>
        <zone name="Zone_hare" smin="0" smax="0" dmin="0" dmax="2" x="8133" z="7530" r="50"/>
        <zone name="Zone_hare" smin="0" smax="0" dmin="0" dmax="2" x="8142" z="7374" r="50"/>
        <zone name="Zone_hare" smin="0" smax="0" dmin="0" dmax="2" x="9021" z="7272" r="50"/>
        <zone name="Zone_hare" smin="0" smax="0" dmin="0" dmax="2" x="9075" z="7218" r="50"/>
        <zone name="Zone_hare" smin="0" smax="0" dmin="0" dmax="2" x="9297" z="7509" r="50"/>
        <zone name="Zone_hare" smin="0" smax="0" dmin="0" dmax="2" x="9387" z="7521" r="50"/>
        <zone name="Zone_hare" smin="0" smax="0" dmin="0" dmax="2" x="9285" z="7644" r="50"/>
        <zone name="Zone_hare" smin="0" smax="0" dmin="0" dmax="2" x="9075" z="6774" r="50"/>
        <zone name="Zone_hare" smin="0" smax="0" dmin="0" dmax="2" x="8988" z="6585" r="50"/>
        <zone name="Zone_hare" smin="0" smax="0" dmin="0" dmax="2" x="9057" z="6624" r="50"/>
        <zone name="Zone_hare" smin="0" smax="0" dmin="0" dmax="2" x="9078" z="6423" r="50"/>
        <zone name="Zone_hare" smin="0" smax="0" dmin="0" dmax="2" x="9339" z="6348" r="50"/>
        <zone name="Zone_hare" smin="0" smax="0" dmin="0" dmax="2" x="9456" z="6408" r="50"/>
        <zone name="Zone_hare" smin="0" smax="0" dmin="0" dmax="2" x="9405" z="6510" r="50"/>
        <zone name="Zone_hare" smin="0" smax="0" dmin="0" dmax="2" x="9516" z="6561" r="50"/>
        <zone name="Zone_hare" smin="0" smax="0" dmin="0" dmax="2" x="9564" z="6651" r="50"/>
        <zone name="Zone_hare" smin="0" smax="0" dmin="0" dmax="2" x="9795" z="6723" r="50"/>
        <zone name="Zone_hare" smin="0" smax="0" dmin="0" dmax="2" x="9744" z="6594" r="50"/>
        <zone name="Zone_hare" smin="0" smax="0" dmin="0" dmax="2" x="9783" z="6489" r="50"/>
        <zone name="Zone_hare" smin="0" smax="0" dmin="0" dmax="2" x="9978" z="6489" r="50"/>
        <zone name="Zone_hare" smin="0" smax="0" dmin="0" dmax="2" x="9984" z="6375" r="50"/>
        <zone name="Zone_hare" smin="0" smax="0" dmin="0" dmax="2" x="11035" z="6770" r="50"/>
        <zone name="Zone_hare" smin="0" smax="0" dmin="0" dmax="2" x="10215" z="6930" r="50"/>
        <zone name="Zone_hare" smin="0" smax="0" dmin="0" dmax="2" x="10750" z="6890" r="50"/>
        <zone name="Zone_hare" smin="0" smax="0" dmin="0" dmax="2" x="12255" z="9065" r="50"/>
        <zone name="Zone_hare" smin="0" smax="0" dmin="0" dmax="2" x="12390" z="8745" r="50"/>
        <zone name="Zone_hare" smin="0" smax="0" dmin="0" dmax="2" x="13315" z="11095" r="50"/>
        <zone name="Zone_hare" smin="0" smax="0" dmin="0" dmax="2" x="13240" z="10920" r="50"/>
        <zone name="Zone_hare" smin="0" smax="0" dmin="0" dmax="2" x="13355" z="11210" r="50"/>
        <zone name="Zone_hare" smin="0" smax="0" dmin="0" dmax="2" x="13380" z="10955" r="50"/>
        <zone name="Zone_hare" smin="0" smax="0" dmin="0" dmax="2" x="10290" z="9756.43" r="50"/>
        <zone name="Zone_hare" smin="0" smax="0" dmin="0" dmax="2" x="10041.4" z="9492.86" r="50"/>
        <zone name="Zone_hare" smin="0" smax="0" dmin="0" dmax="2" x="9874.29" z="9548.57" r="50"/>
        <zone name="Zone_hare" smin="0" smax="0" dmin="0" dmax="2" x="10838.6" z="9754.29" r="50"/>
        <zone name="Zone_hare" smin="0" smax="0" dmin="0" dmax="2" x="10791.4" z="9632.14" r="50"/>
        <zone name="Zone_hare" smin="0" smax="0" dmin="0" dmax="2" x="11509.3" z="9782.14" r="50"/>
        <zone name="Zone_hare" smin="0" smax="0" dmin="0" dmax="2" x="11226.4" z="9675" r="50"/>
        <zone name="Zone_hare" smin="0" smax="0" dmin="0" dmax="2" x="11140.7" z="9615" r="50"/>
        <zone name="Zone_hare" smin="0" smax="0" dmin="0" dmax="2" x="9705" z="9964.29" r="50"/>
        <zone name="Zone_hare" smin="0" smax="0" dmin="0" dmax="2" x="9632.14" z="9775.71" r="50"/>
        <zone name="Zone_hare" smin="0" smax="0" dmin="0" dmax="2" x="9482.14" z="9889.29" r="50"/>
        <zone name="Zone_hare" smin="0" smax="0" dmin="0" dmax="2" x="8991.43" z="11425.7" r="50"/>
        <zone name="Zone_hare" smin="0" smax="0" dmin="0" dmax="2" x="9368.57" z="11121.4" r="50"/>
        <zone name="Zone_hare" smin="0" smax="0" dmin="0" dmax="2" x="9398.57" z="11029.3" r="50"/>
        <zone name="Zone_hare" smin="0" smax="0" dmin="0" dmax="2" x="9221.25" z="10839.4" r="50"/>
        <zone name="Zone_hare" smin="0" smax="0" dmin="0" dmax="2" x="9071.25" z="11073.8" r="50"/>
        <zone name="Zone_hare" smin="0" smax="0" dmin="0" dmax="2" x="8431.88" z="10710" r="50"/>
        <zone name="Zone_hare" smin="0" smax="0" dmin="0" dmax="2" x="8608.13" z="10867.5" r="50"/>
        <zone name="Zone_hare" smin="0" smax="0" dmin="0" dmax="2" x="9153.75" z="10646.3" r="50"/>
        <zone name="Zone_hare" smin="0" smax="0" dmin="0" dmax="2" x="8784.38" z="10524.4" r="50"/>
        <zone name="Zone_hare" smin="0" smax="0" dmin="0" dmax="2" x="8930.63" z="10509.4" r="50"/>
        <zone name="Zone_hare" smin="0" smax="0" dmin="0" dmax="2" x="8775" z="10691.3" r="50"/>
        <zone name="Zone_hare" smin="0" smax="0" dmin="0" dmax="2" x="8580" z="10599.4" r="50"/>
        <zone name="Zone_hare" smin="0" smax="0" dmin="0" dmax="2" x="9033.75" z="10321.9" r="50"/>
        <zone name="Zone_hare" smin="0" smax="0" dmin="0" dmax="2" x="14076" z="11820" r="50"/>
        <zone name="Zone_hare" smin="0" smax="0" dmin="0" dmax="2" x="6797.5" z="13200" r="50"/>
        <zone name="Zone_hare" smin="0" smax="0" dmin="0" dmax="2" x="6892.5" z="13170" r="50"/>
        <zone name="Zone_hare" smin="0" smax="0" dmin="0" dmax="2" x="6955" z="13112.5" r="50"/>
        <zone name="Zone_hare" smin="0" smax="0" dmin="0" dmax="2" x="6655" z="13205" r="50"/>
        <zone name="Zone_hare" smin="0" smax="0" dmin="0" dmax="2" x="7075" z="13275" r="50"/>
        <zone name="Zone_hare" smin="0" smax="0" dmin="0" dmax="2" x="7022.5" z="12922.5" r="50"/>
        <zone name="Zone_hare" smin="0" smax="0" dmin="0" dmax="2" x="6992.5" z="12845" r="50"/>
        <zone name="Zone_hare" smin="0" smax="0" dmin="0" dmax="2" x="7102.5" z="12765" r="50"/>
        <zone name="Zone_hare" smin="0" smax="0" dmin="0" dmax="2" x="7185" z="12700" r="50"/>
        <zone name="Zone_hare" smin="0" smax="0" dmin="0" dmax="2" x="7405" z="13302.5" r="50"/>
        <zone name="Zone_hare" smin="0" smax="0" dmin="0" dmax="2" x="7605" z="13300" r="50"/>
        <zone name="Zone_hare" smin="0" smax="0" dmin="0" dmax="2" x="7645" z="13392.5" r="50"/>
        <zone name="Zone_hare" smin="0" smax="0" dmin="0" dmax="2" x="7902.5" z="13357.5" r="50"/>
        <zone name="Zone_hare" smin="0" smax="0" dmin="0" dmax="2" x="8087.5" z="13317.5" r="50"/>
        <zone name="Zone_hare" smin="0" smax="0" dmin="0" dmax="2" x="8110" z="13245" r="50"/>
        <zone name="Zone_hare" smin="0" smax="0" dmin="0" dmax="2" x="8217.5" z="13327.5" r="50"/>
        <zone name="Zone_hare" smin="0" smax="0" dmin="0" dmax="2" x="8210" z="13212.5" r="50"/>
        <zone name="Zone_hare" smin="0" smax="0" dmin="0" dmax="2" x="8237.5" z="13052.5" r="50"/>
        <zone name="Zone_hare" smin="0" smax="0" dmin="0" dmax="2" x="6667.5" z="12887.5" r="50"/>
        <zone name="Zone_hare" smin="0" smax="0" dmin="0" dmax="2" x="6717.5" z="12837.5" r="50"/>
        <zone name="Zone_hare" smin="0" smax="0" dmin="0" dmax="2" x="6730" z="12662.5" r="50"/>
        <zone name="Zone_hare" smin="0" smax="0" dmin="0" dmax="2" x="6937.5" z="12442.5" r="50"/>
        <zone name="Zone_hare" smin="0" smax="0" dmin="0" dmax="2" x="6550" z="12340" r="50"/>
        <zone name="Zone_hare" smin="0" smax="0" dmin="0" dmax="2" x="5930" z="12647.5" r="50"/>
        <zone name="Zone_hare" smin="0" smax="0" dmin="0" dmax="2" x="5675" z="12435" r="50"/>
        <zone name="Zone_hare" smin="0" smax="0" dmin="0" dmax="2" x="5665" z="12367.5" r="50"/>
        <zone name="Zone_hare" smin="0" smax="0" dmin="0" dmax="2" x="5770" z="12397.5" r="50"/>
        <zone name="Zone_hare" smin="0" smax="0" dmin="0" dmax="2" x="5730" z="12187.5" r="50"/>
        <zone name="Zone_hare" smin="0" smax="0" dmin="0" dmax="2" x="5832.5" z="12187.5" r="50"/>
        <zone name="Zone_hare" smin="0" smax="0" dmin="0" dmax="2" x="5875" z="12317.5" r="50"/>
        <zone name="Zone_hare" smin="0" smax="0" dmin="0" dmax="2" x="6110" z="12185" r="50"/>
        <zone name="Zone_hare" smin="0" smax="0" dmin="0" dmax="2" x="6052.5" z="12295" r="50"/>
        <zone name="Zone_hare" smin="0" smax="0" dmin="0" dmax="2" x="6135" z="12307.5" r="50"/>
        <zone name="Zone_hare" smin="0" smax="0" dmin="0" dmax="2" x="5995" z="12402.5" r="50"/>
        <zone name="Zone_hare" smin="0" smax="0" dmin="0" dmax="2" x="6722.5" z="12152.5" r="50"/>
        <zone name="Zone_hare" smin="0" smax="0" dmin="0" dmax="2" x="6495" z="12235" r="50"/>
        <zone name="Zone_hare" smin="0" smax="0" dmin="0" dmax="2" x="6797.5" z="12055" r="50"/>
        <zone name="Zone_hare" smin="0" smax="0" dmin="0" dmax="2" x="7127.5" z="12055" r="50"/>
        <zone name="Zone_hare" smin="0" smax="0" dmin="0" dmax="2" x="7180" z="12002.5" r="50"/>
        <zone name="Zone_hare" smin="0" smax="0" dmin="0" dmax="2" x="6967.5" z="11930" r="50"/>
        <zone name="Zone_hare" smin="0" smax="0" dmin="0" dmax="2" x="7067.5" z="11885" r="50"/>
        <zone name="Zone_hare" smin="0" smax="0" dmin="0" dmax="2" x="6882.5" z="11850" r="50"/>
        <zone name="Zone_hare" smin="0" smax="0" dmin="0" dmax="2" x="6920" z="11805" r="50"/>
        <zone name="Zone_hare" smin="0" smax="0" dmin="0" dmax="2" x="7020" z="12627.5" r="50"/>
        <zone name="Zone_hare" smin="0" smax="0" dmin="0" dmax="2" x="7072.5" z="12580" r="50"/>
        <zone name="Zone_hare" smin="0" smax="0" dmin="0" dmax="2" x="7162.5" z="12507.5" r="50"/>
        <zone name="Zone_hare" smin="0" smax="0" dmin="0" dmax="2" x="5732.5" z="12010" r="50"/>
        <zone name="Zone_hare" smin="0" smax="0" dmin="0" dmax="2" x="5637.5" z="11797.5" r="50"/>
        <zone name="Zone_hare" smin="0" smax="0" dmin="0" dmax="2" x="5737.5" z="11237.5" r="50"/>
        <zone name="Zone_hare" smin="0" smax="0" dmin="0" dmax="2" x="5710" z="11377.5" r="50"/>
        <zone name="Zone_hare" smin="0" smax="0" dmin="0" dmax="2" x="7090" z="10482.5" r="50"/>
        <zone name="Zone_hare" smin="0" smax="0" dmin="0" dmax="2" x="7040" z="10687.5" r="50"/>
        <zone name="Zone_hare" smin="0" smax="0" dmin="0" dmax="2" x="7625" z="10520" r="50"/>
        <zone name="Zone_hare" smin="0" smax="0" dmin="0" dmax="2" x="7697.5" z="10632.5" r="50"/>
        <zone name="Zone_hare" smin="0" smax="0" dmin="0" dmax="2" x="7755" z="10695" r="50"/>
        <zone name="Zone_hare" smin="0" smax="0" dmin="0" dmax="2" x="7672.5" z="10752.5" r="50"/>
        <zone name="Zone_hare" smin="0" smax="0" dmin="0" dmax="2" x="7605" z="10692.5" r="50"/>
        <zone name="Zone_hare" smin="0" smax="0" dmin="0" dmax="2" x="7812.5" z="10830" r="50"/>
        <zone name="Zone_hare" smin="0" smax="0" dmin="0" dmax="2" x="7045" z="10397.5" r="50"/>
        <zone name="Zone_hare" smin="0" smax="0" dmin="0" dmax="2" x="6900" z="10350" r="50"/>
        <zone name="Zone_hare" smin="0" smax="0" dmin="0" dmax="2" x="6810" z="10565" r="50"/>
        <zone name="Zone_hare" smin="0" smax="0" dmin="0" dmax="2" x="6412.5" z="10442.5" r="50"/>
        <zone name="Zone_hare" smin="0" smax="0" dmin="0" dmax="2" x="8320" z="10465" r="50"/>
        <zone name="Zone_hare" smin="0" smax="0" dmin="0" dmax="2" x="8407.5" z="10402.5" r="50"/>
        <zone name="Zone_hare" smin="0" smax="0" dmin="0" dmax="2" x="8502.5" z="10327.5" r="50"/>
        <zone name="Zone_hare" smin="0" smax="0" dmin="0" dmax="2" x="8540" z="10222.5" r="50"/>
        <zone name="Zone_hare" smin="0" smax="0" dmin="0" dmax="2" x="8465" z="10137.5" r="50"/>
        <zone name="Zone_hare" smin="0" smax="0" dmin="0" dmax="2" x="8385" z="10087.5" r="50"/>
        <zone name="Zone_hare" smin="0" smax="0" dmin="0" dmax="2" x="8147.5" z="10277.5" r="50"/>
        <zone name="Zone_hare" smin="0" smax="0" dmin="0" dmax="2" x="8160" z="10412.5" r="50"/>
        <zone name="Zone_hare" smin="0" smax="0" dmin="0" dmax="2" x="8215" z="10492.5" r="50"/>
        <zone name="Zone_hare" smin="0" smax="0" dmin="0" dmax="2" x="8122.5" z="10555" r="50"/>
        <zone name="Zone_hare" smin="0" smax="0" dmin="0" dmax="2" x="8507.5" z="10442.5" r="50"/>
        <zone name="Zone_hare" smin="0" smax="0" dmin="0" dmax="2" x="8425" z="10530" r="50"/>
        <zone name="Zone_hare" smin="0" smax="0" dmin="0" dmax="2" x="8600" z="10355" r="50"/>
        <zone name="Zone_hare" smin="0" smax="0" dmin="0" dmax="2" x="7569" z="8136" r="50"/>
        <zone name="Zone_hare" smin="0" smax="0" dmin="0" dmax="2" x="7311" z="8157" r="50"/>
        <zone name="Zone_hare" smin="0" smax="0" dmin="0" dmax="2" x="7194" z="8145" r="50"/>
        <zone name="Zone_hare" smin="0" smax="0" dmin="0" dmax="2" x="7053" z="8109" r="50"/>
        <zone name="Zone_hare" smin="0" smax="0" dmin="0" dmax="2" x="7047" z="7890" r="50"/>
        <zone name="Zone_hare" smin="0" smax="0" dmin="0" dmax="2" x="7092" z="7836" r="50"/>
        <zone name="Zone_hare" smin="0" smax="0" dmin="0" dmax="2" x="7308" z="7764" r="50"/>
        <zone name="Zone_hare" smin="0" smax="0" dmin="0" dmax="2" x="7362" z="7713" r="50"/>
        <zone name="Zone_hare" smin="0" smax="0" dmin="0" dmax="2" x="7938" z="8040" r="50"/>
        <zone name="Zone_hare" smin="0" smax="0" dmin="0" dmax="2" x="7806" z="8091" r="50"/>
        <zone name="Zone_hare" smin="0" smax="0" dmin="0" dmax="2" x="7851" z="8046" r="50"/>
        <zone name="Zone_hare" smin="0" smax="0" dmin="0" dmax="2" x="8217" z="7857" r="50"/>
        <zone name="Zone_hare" smin="0" smax="0" dmin="0" dmax="2" x="8532" z="7941" r="50"/>
        <zone name="Zone_hare" smin="0" smax="0" dmin="0" dmax="2" x="8379" z="7803" r="50"/>
        <zone name="Zone_hare" smin="0" smax="0" dmin="0" dmax="2" x="8829" z="8097" r="50"/>
        <zone name="Zone_hare" smin="0" smax="0" dmin="0" dmax="2" x="8904" z="8085" r="50"/>
        <zone name="Zone_hare" smin="0" smax="0" dmin="0" dmax="2" x="8994" z="8109" r="50"/>
        <zone name="Zone_hare" smin="0" smax="0" dmin="0" dmax="2" x="8601" z="7779" r="50"/>
        <zone name="Zone_hare" smin="0" smax="0" dmin="0" dmax="2" x="8709" z="7833" r="50"/>
        <zone name="Zone_hare" smin="0" smax="0" dmin="0" dmax="2" x="9204" z="7668" r="50"/>
        <zone name="Zone_hare" smin="0" smax="0" dmin="0" dmax="2" x="9204" z="7596" r="50"/>
        <zone name="Zone_hare" smin="0" smax="0" dmin="0" dmax="2" x="9378" z="7593" r="50"/>
        <zone name="Zone_hare" smin="0" smax="0" dmin="0" dmax="2" x="9309" z="7761" r="50"/>
        <zone name="Zone_hare" smin="0" smax="0" dmin="0" dmax="2" x="8166" z="7284" r="50"/>
        <zone name="Zone_hare" smin="0" smax="0" dmin="0" dmax="2" x="8169" z="7020" r="50"/>
        <zone name="Zone_hare" smin="0" smax="0" dmin="0" dmax="2" x="8484" z="7458" r="50"/>
        <zone name="Zone_hare" smin="0" smax="0" dmin="0" dmax="2" x="9696" z="6717" r="50"/>
        <zone name="Zone_hare" smin="0" smax="0" dmin="0" dmax="2" x="9618" z="6753" r="50"/>
        <zone name="Zone_hare" smin="0" smax="0" dmin="0" dmax="2" x="9546" z="6840" r="50"/>
        <zone name="Zone_hare" smin="0" smax="0" dmin="0" dmax="2" x="9522" z="7041" r="50"/>
        <zone name="Zone_hare" smin="0" smax="0" dmin="0" dmax="2" x="9855" z="7023" r="50"/>
        <zone name="Zone_hare" smin="0" smax="0" dmin="0" dmax="2" x="9840" z="6867" r="50"/>
        <zone name="Zone_hare" smin="0" smax="0" dmin="0" dmax="2" x="8262" z="5430" r="50"/>
        <zone name="Zone_hare" smin="0" smax="0" dmin="0" dmax="2" x="10338" z="6843" r="50"/>
        <zone name="Zone_hare" smin="0" smax="0" dmin="0" dmax="2" x="10317" z="6969" r="50"/>
        <zone name="Zone_hare" smin="0" smax="0" dmin="0" dmax="2" x="10254" z="7080" r="50"/>
        <zone name="Zone_hare" smin="0" smax="0" dmin="0" dmax="2" x="10347" z="7266" r="50"/>
        <zone name="Zone_hare" smin="0" smax="0" dmin="0" dmax="2" x="10254" z="7383" r="50"/>
        <zone name="Zone_hare" smin="0" smax="0" dmin="0" dmax="2" x="10314" z="7503" r="50"/>
        <zone name="Zone_hare" smin="0" smax="0" dmin="0" dmax="2" x="10836" z="6603" r="50"/>
        <zone name="Zone_hare" smin="0" smax="0" dmin="0" dmax="2" x="10992" z="6489" r="50"/>
        <zone name="Zone_hare" smin="0" smax="0" dmin="0" dmax="2" x="11073" z="6570" r="50"/>
        <zone name="Zone_hare" smin="0" smax="0" dmin="0" dmax="2" x="11712" z="6762" r="50"/>
        <zone name="Zone_hare" smin="0" smax="0" dmin="0" dmax="2" x="11817" z="6777" r="50"/>
        <zone name="Zone_hare" smin="0" smax="0" dmin="0" dmax="2" x="12135" z="6690" r="50"/>
        <zone name="Zone_hare" smin="0" smax="0" dmin="0" dmax="2" x="12336" z="6711" r="50"/>
        <zone name="Zone_hare" smin="0" smax="0" dmin="0" dmax="2" x="12429" z="6708" r="50"/>
        <zone name="Zone_hare" smin="0" smax="0" dmin="0" dmax="2" x="12582" z="6795" r="50"/>
        <zone name="Zone_hare" smin="0" smax="0" dmin="0" dmax="2" x="12708" z="6801" r="50"/>
        <zone name="Zone_hare" smin="0" smax="0" dmin="0" dmax="2" x="12699" z="7695" r="50"/>
        <zone name="Zone_hare" smin="0" smax="0" dmin="0" dmax="2" x="12945" z="7590" r="50"/>
        <zone name="Zone_hare" smin="0" smax="0" dmin="0" dmax="2" x="12978" z="7521" r="50"/>
        <zone name="Zone_hare" smin="0" smax="0" dmin="0" dmax="2" x="12870" z="7677" r="50"/>
        <zone name="Zone_hare" smin="0" smax="0" dmin="0" dmax="2" x="12810" z="7752" r="50"/>
        <zone name="Zone_hare" smin="0" smax="0" dmin="0" dmax="2" x="12555" z="7686" r="50"/>
        <zone name="Zone_hare" smin="0" smax="0" dmin="0" dmax="2" x="12483" z="7755" r="50"/>
        <zone name="Zone_hare" smin="0" smax="0" dmin="0" dmax="2" x="12606" z="7803" r="50"/>
        <zone name="Zone_hare" smin="0" smax="0" dmin="0" dmax="2" x="12612" z="7914" r="50"/>
        <zone name="Zone_hare" smin="0" smax="0" dmin="0" dmax="2" x="12531" z="7956" r="50"/>
        <zone name="Zone_hare" smin="0" smax="0" dmin="0" dmax="2" x="12453" z="7914" r="50"/>
        <zone name="Zone_hare" smin="0" smax="0" dmin="0" dmax="2" x="12453" z="8181" r="50"/>
        <zone name="Zone_hare" smin="0" smax="0" dmin="0" dmax="2" x="12609" z="8139" r="50"/>
        <zone name="Zone_hare" smin="0" smax="0" dmin="0" dmax="2" x="10965" z="7788" r="50"/>
        <zone name="Zone_hare" smin="0" smax="0" dmin="0" dmax="2" x="11085" z="7935" r="50"/>
        <zone name="Zone_hare" smin="0" smax="0" dmin="0" dmax="2" x="11223" z="7800" r="50"/>
        <zone name="Zone_hare" smin="0" smax="0" dmin="0" dmax="2" x="10611" z="7140" r="50"/>
        <zone name="Zone_hare" smin="0" smax="0" dmin="0" dmax="2" x="10719" z="7083" r="50"/>
        <zone name="Zone_hare" smin="0" smax="0" dmin="0" dmax="2" x="10734" z="6966" r="50"/>
        <zone name="Zone_hare" smin="0" smax="0" dmin="0" dmax="2" x="10827" z="6765" r="50"/>
        <zone name="Zone_hare" smin="0" smax="0" dmin="0" dmax="2" x="10959" z="6891" r="50"/>
        <zone name="Zone_hare" smin="0" smax="0" dmin="0" dmax="2" x="10977" z="7002" r="50"/>
        <zone name="Zone_hare" smin="0" smax="0" dmin="0" dmax="2" x="10923" z="7095" r="50"/>
        <zone name="Zone_hare" smin="0" smax="0" dmin="0" dmax="2" x="11049" z="6975" r="50"/>
        <zone name="Zone_hare" smin="0" smax="0" dmin="0" dmax="2" x="11043" z="7266" r="50"/>
        <zone name="Zone_hare" smin="0" smax="0" dmin="0" dmax="2" x="11019" z="7470" r="50"/>
        <zone name="Zone_hare" smin="0" smax="0" dmin="0" dmax="2" x="11034" z="7530" r="50"/>
        <zone name="Zone_hare" smin="0" smax="0" dmin="0" dmax="2" x="11040" z="7677" r="50"/>
        <zone name="Zone_hare" smin="0" smax="0" dmin="0" dmax="2" x="11643" z="7365" r="50"/>
        <zone name="Zone_hare" smin="0" smax="0" dmin="0" dmax="2" x="11814" z="6648" r="50"/>
        <zone name="Zone_hare" smin="0" smax="0" dmin="0" dmax="2" x="11640" z="6666" r="50"/>
        <zone name="Zone_hare" smin="0" smax="0" dmin="0" dmax="2" x="13440" z="7587" r="50"/>
        <zone name="Zone_hare" smin="0" smax="0" dmin="0" dmax="2" x="13446" z="7716" r="50"/>
        <zone name="Zone_hare" smin="0" smax="0" dmin="0" dmax="2" x="13437" z="7815" r="50"/>
        <zone name="Zone_hare" smin="0" smax="0" dmin="0" dmax="2" x="13614" z="8118" r="50"/>
        <zone name="Zone_hare" smin="0" smax="0" dmin="0" dmax="2" x="13875" z="7986" r="50"/>
        <zone name="Zone_hare" smin="0" smax="0" dmin="0" dmax="2" x="13746" z="8007" r="50"/>
        <zone name="Zone_hare" smin="0" smax="0" dmin="0" dmax="2" x="13557" z="7965" r="50"/>
        <zone name="Zone_hare" smin="0" smax="0" dmin="0" dmax="2" x="13422" z="7941" r="50"/>
        <zone name="Zone_hare" smin="0" smax="0" dmin="0" dmax="2" x="13284" z="8022" r="50"/>
        <zone name="Zone_hare" smin="0" smax="0" dmin="0" dmax="2" x="12918" z="8046" r="50"/>
        <zone name="Zone_hare" smin="0" smax="0" dmin="0" dmax="2" x="13038" z="8043" r="50"/>
        <zone name="Zone_hare" smin="0" smax="0" dmin="0" dmax="2" x="13140" z="8037" r="50"/>
        <zone name="Zone_hare" smin="0" smax="0" dmin="0" dmax="2" x="13629" z="7836" r="50"/>
        <zone name="Zone_hare" smin="0" smax="0" dmin="0" dmax="2" x="13794" z="8601" r="50"/>
        <zone name="Zone_hare" smin="0" smax="0" dmin="0" dmax="2" x="13692" z="8640" r="50"/>
        <zone name="Zone_hare" smin="0" smax="0" dmin="0" dmax="2" x="13611" z="8652" r="50"/>
        <zone name="Zone_hare" smin="0" smax="0" dmin="0" dmax="2" x="14220" z="8679" r="50"/>
        <zone name="Zone_hare" smin="0" smax="0" dmin="0" dmax="2" x="14166" z="8826" r="50"/>
        <zone name="Zone_hare" smin="0" smax="0" dmin="0" dmax="2" x="14004" z="8907" r="50"/>
        <zone name="Zone_hare" smin="0" smax="0" dmin="0" dmax="2" x="13911" z="8976" r="50"/>
        <zone name="Zone_hare" smin="0" smax="0" dmin="0" dmax="2" x="13827" z="9045" r="50"/>
        <zone name="Zone_hare" smin="0" smax="0" dmin="0" dmax="2" x="14301" z="9150" r="50"/>
        <zone name="Zone_hare" smin="0" smax="0" dmin="0" dmax="2" x="14223" z="9264" r="50"/>
        <zone name="Zone_hare" smin="0" smax="0" dmin="0" dmax="2" x="14118" z="9309" r="50"/>
        <zone name="Zone_hare" smin="0" smax="0" dmin="0" dmax="2" x="14367" z="9537" r="50"/>
        <zone name="Zone_hare" smin="0" smax="0" dmin="0" dmax="2" x="14184" z="9582" r="50"/>
        <zone name="Zone_hare" smin="0" smax="0" dmin="0" dmax="2" x="14115" z="9705" r="50"/>
        <zone name="Zone_hare" smin="0" smax="0" dmin="0" dmax="2" x="14295" z="9753" r="50"/>
        <zone name="Zone_hare" smin="0" smax="0" dmin="0" dmax="2" x="14406" z="9792" r="50"/>
        <zone name="Zone_hare" smin="0" smax="0" dmin="0" dmax="2" x="14421" z="9918" r="50"/>
        <zone name="Zone_hare" smin="0" smax="0" dmin="0" dmax="2" x="14187" z="10041" r="50"/>
        <zone name="Zone_hare" smin="0" smax="0" dmin="0" dmax="2" x="14190" z="10245" r="50"/>
        <zone name="Zone_hare" smin="0" smax="0" dmin="0" dmax="2" x="13281" z="11877" r="50"/>
        <zone name="Zone_hare" smin="0" smax="0" dmin="0" dmax="2" x="13014" z="11982" r="50"/>
        <zone name="Zone_hare" smin="0" smax="0" dmin="0" dmax="2" x="12954" z="11868" r="50"/>
        <zone name="Zone_hare" smin="0" smax="0" dmin="0" dmax="2" x="12930" z="11775" r="50"/>
        <zone name="Zone_hare" smin="0" smax="0" dmin="0" dmax="2" x="13905" z="11682" r="50"/>
        <zone name="Zone_hare" smin="0" smax="0" dmin="0" dmax="2" x="13551" z="11661" r="50"/>
        <zone name="Zone_hare" smin="0" smax="0" dmin="0" dmax="2" x="13509" z="11592" r="50"/>
        <zone name="Zone_hare" smin="0" smax="0" dmin="0" dmax="2" x="13473" z="11520" r="50"/>
        <zone name="Zone_hare" smin="0" smax="0" dmin="0" dmax="2" x="13314" z="11463" r="50"/>
        <zone name="Zone_hare" smin="0" smax="0" dmin="0" dmax="2" x="13290" z="11349" r="50"/>
        <zone name="Zone_hare" smin="0" smax="0" dmin="0" dmax="2" x="13266" z="11256" r="50"/>
        <zone name="Zone_hare" smin="0" smax="0" dmin="0" dmax="2" x="13959" z="11601" r="50"/>
        <zone name="Zone_hare" smin="0" smax="0" dmin="0" dmax="2" x="14037" z="11709" r="50"/>
        <zone name="Zone_hare" smin="0" smax="0" dmin="0" dmax="2" x="13065" z="12189" r="50"/>
        <zone name="Zone_hare" smin="0" smax="0" dmin="0" dmax="2" x="12990" z="12093" r="50"/>
        <zone name="Zone_hare" smin="0" smax="0" dmin="0" dmax="2" x="13059" z="12069" r="50"/>
        <zone name="Zone_hare" smin="0" smax="0" dmin="0" dmax="2" x="13218" z="11805" r="50"/>
        <zone name="Zone_hare" smin="0" smax="0" dmin="0" dmax="2" x="11730" z="12846" r="50"/>
        <zone name="Zone_hare" smin="0" smax="0" dmin="0" dmax="2" x="11709" z="12774" r="50"/>
        <zone name="Zone_hare" smin="0" smax="0" dmin="0" dmax="2" x="11682" z="12705" r="50"/>
        <zone name="Zone_hare" smin="0" smax="0" dmin="0" dmax="2" x="11652" z="12633" r="50"/>
        <zone name="Zone_hare" smin="0" smax="0" dmin="0" dmax="2" x="11601" z="12522" r="50"/>
        <zone name="Zone_hare" smin="0" smax="0" dmin="0" dmax="2" x="11517" z="12426" r="50"/>
        <zone name="Zone_hare" smin="0" smax="0" dmin="0" dmax="2" x="10953" z="12846" r="50"/>
        <zone name="Zone_hare" smin="0" smax="0" dmin="0" dmax="2" x="10662" z="13254" r="50"/>
        <zone name="Zone_hare" smin="0" smax="0" dmin="0" dmax="2" x="10563" z="13242" r="50"/>
        <zone name="Zone_hare" smin="0" smax="0" dmin="0" dmax="2" x="10644" z="13119" r="50"/>
        <zone name="Zone_hare" smin="0" smax="0" dmin="0" dmax="2" x="10644" z="13017" r="50"/>
        <zone name="Zone_hare" smin="0" smax="0" dmin="0" dmax="2" x="10737" z="13083" r="50"/>
        <zone name="Zone_hare" smin="0" smax="0" dmin="0" dmax="2" x="10236" z="13311" r="50"/>
        <zone name="Zone_hare" smin="0" smax="0" dmin="0" dmax="2" x="10257" z="13242" r="50"/>
        <zone name="Zone_hare" smin="0" smax="0" dmin="0" dmax="2" x="10329" z="13137" r="50"/>
        <zone name="Zone_hare" smin="0" smax="0" dmin="0" dmax="2" x="10419" z="13068" r="50"/>
        <zone name="Zone_hare" smin="0" smax="0" dmin="0" dmax="2" x="9966" z="13410" r="50"/>
        <zone name="Zone_hare" smin="0" smax="0" dmin="0" dmax="2" x="9948" z="13326" r="50"/>
        <zone name="Zone_hare" smin="0" smax="0" dmin="0" dmax="2" x="9918" z="13230" r="50"/>
        <zone name="Zone_hare" smin="0" smax="0" dmin="0" dmax="2" x="9696" z="13188" r="50"/>
        <zone name="Zone_hare" smin="0" smax="0" dmin="0" dmax="2" x="9795" z="13152" r="50"/>
        <zone name="Zone_hare" smin="0" smax="0" dmin="0" dmax="2" x="9867" z="13026" r="50"/>
        <zone name="Zone_hare" smin="0" smax="0" dmin="0" dmax="2" x="9309" z="13587" r="50"/>
        <zone name="Zone_hare" smin="0" smax="0" dmin="0" dmax="2" x="9267" z="13491" r="50"/>
        <zone name="Zone_hare" smin="0" smax="0" dmin="0" dmax="2" x="8706" z="13479" r="50"/>
        <zone name="Zone_hare" smin="0" smax="0" dmin="0" dmax="2" x="7779" z="13380" r="50"/>
        <zone name="Zone_hare" smin="0" smax="0" dmin="0" dmax="2" x="7803" z="13290" r="50"/>
        <zone name="Zone_hare" smin="0" smax="0" dmin="0" dmax="2" x="7818" z="13170" r="50"/>
        <zone name="Zone_hare" smin="0" smax="0" dmin="0" dmax="2" x="8913" z="13605" r="50"/>
        <zone name="Zone_hare" smin="0" smax="0" dmin="0" dmax="2" x="8922" z="13539" r="50"/>
        <zone name="Zone_hare" smin="0" smax="0" dmin="0" dmax="2" x="8727" z="13377" r="50"/>
        <zone name="Zone_hare" smin="0" smax="0" dmin="0" dmax="2" x="8778" z="13416" r="50"/>
        <zone name="Zone_hare" smin="0" smax="0" dmin="0" dmax="2" x="10068" z="13410" r="50"/>
        <zone name="Zone_hare" smin="0" smax="0" dmin="0" dmax="2" x="8145" z="13488" r="50"/>
        <zone name="Zone_hare" smin="0" smax="0" dmin="0" dmax="2" x="5842.5" z="7466.25" r="50"/>
        <zone name="Zone_hare" smin="0" smax="0" dmin="0" dmax="2" x="5891.25" z="7545" r="50"/>
        <zone name="Zone_hare" smin="0" smax="0" dmin="0" dmax="2" x="6022.5" z="7616.25" r="50"/>
        <zone name="Zone_hare" smin="0" smax="0" dmin="0" dmax="2" x="6108.75" z="7687.5" r="50"/>
        <zone name="Zone_hare" smin="0" smax="0" dmin="0" dmax="2" x="6153.75" z="7785" r="50"/>
        <zone name="Zone_hare" smin="0" smax="0" dmin="0" dmax="2" x="6247.5" z="7878.75" r="50"/>
        <zone name="Zone_hare" smin="0" smax="0" dmin="0" dmax="2" x="5928.75" z="7867.5" r="50"/>
        <zone name="Zone_hare" smin="0" smax="0" dmin="0" dmax="2" x="6022.5" z="7833.75" r="50"/>
        <zone name="Zone_hare" smin="0" smax="0" dmin="0" dmax="2" x="6011.25" z="7695" r="50"/>
        <zone name="Zone_hare" smin="0" smax="0" dmin="0" dmax="2" x="5913.75" z="7635" r="50"/>
        <zone name="Zone_hare" smin="0" smax="0" dmin="0" dmax="2" x="5805" z="7698.75" r="50"/>
        <zone name="Zone_hare" smin="0" smax="0" dmin="0" dmax="2" x="5861.25" z="7905" r="50"/>
        <zone name="Zone_hare" smin="0" smax="0" dmin="0" dmax="2" x="5962.5" z="7938.75" r="50"/>
        <zone name="Zone_hare" smin="0" smax="0" dmin="0" dmax="2" x="5887.5" z="8010" r="50"/>
        <zone name="Zone_hare" smin="0" smax="0" dmin="0" dmax="2" x="6048.75" z="8055" r="50"/>
        <zone name="Zone_hare" smin="0" smax="0" dmin="0" dmax="2" x="6030" z="8156.25" r="50"/>
        <zone name="Zone_hare" smin="0" smax="0" dmin="0" dmax="2" x="6172.5" z="8010" r="50"/>
        <zone name="Zone_hare" smin="0" smax="0" dmin="0" dmax="2" x="6071.25" z="7950" r="50"/>
        <zone name="Zone_hare" smin="0" smax="0" dmin="0" dmax="2" x="6135" z="7863.75" r="50"/>
        <zone name="Zone_hare" smin="0" smax="0" dmin="0" dmax="2" x="6266.25" z="7998.75" r="50"/>
        <zone name="Zone_hare" smin="0" smax="0" dmin="0" dmax="2" x="5745" z="7590" r="50"/>
        <zone name="Zone_hare" smin="0" smax="0" dmin="0" dmax="2" x="5673.75" z="7743.75" r="50"/>
        <zone name="Zone_hare" smin="0" smax="0" dmin="0" dmax="2" x="5602.5" z="7863.75" r="50"/>
        <zone name="Zone_hare" smin="0" smax="0" dmin="0" dmax="2" x="5557.5" z="7950" r="50"/>
        <zone name="Zone_hare" smin="0" smax="0" dmin="0" dmax="2" x="5471.25" z="8115" r="50"/>
        <zone name="Zone_hare" smin="0" smax="0" dmin="0" dmax="2" x="6877.5" z="8193.75" r="50"/>
        <zone name="Zone_hare" smin="0" smax="0" dmin="0" dmax="2" x="6885" z="8505" r="50"/>
        <zone name="Zone_hare" smin="0" smax="0" dmin="0" dmax="2" x="6221.25" z="8512.5" r="50"/>
        <zone name="Zone_hare" smin="0" smax="0" dmin="0" dmax="2" x="6348.75" z="8587.5" r="50"/>
        <zone name="Zone_hare" smin="0" smax="0" dmin="0" dmax="2" x="6367.5" z="8733.75" r="50"/>
        <zone name="Zone_hare" smin="0" smax="0" dmin="0" dmax="2" x="6191.25" z="8872.5" r="50"/>
        <zone name="Zone_hare" smin="0" smax="0" dmin="0" dmax="2" x="6390" z="8921.25" r="50"/>
        <zone name="Zone_hare" smin="0" smax="0" dmin="0" dmax="2" x="6262.5" z="8793.75" r="50"/>
        <zone name="Zone_hare" smin="0" smax="0" dmin="0" dmax="2" x="7481.25" z="8763.75" r="50"/>
        <zone name="Zone_hare" smin="0" smax="0" dmin="0" dmax="2" x="7578.75" z="8718.75" r="50"/>
        <zone name="Zone_hare" smin="0" smax="0" dmin="0" dmax="2" x="7215" z="8512.5" r="50"/>
        <zone name="Zone_hare" smin="0" smax="0" dmin="0" dmax="2" x="7245" z="8373.75" r="50"/>
        <zone name="Zone_hare" smin="0" smax="0" dmin="0" dmax="2" x="7387.5" z="8250" r="50"/>
        <zone name="Zone_hare" smin="0" smax="0" dmin="0" dmax="2" x="7698.75" z="8846.25" r="50"/>
        <zone name="Zone_hare" smin="0" smax="0" dmin="0" dmax="2" x="7773.75" z="9232.5" r="50"/>
        <zone name="Zone_hare" smin="0" smax="0" dmin="0" dmax="2" x="7871.25" z="9390" r="50"/>
        <zone name="Zone_hare" smin="0" smax="0" dmin="0" dmax="2" x="7912.5" z="9536.25" r="50"/>
        <zone name="Zone_hare" smin="0" smax="0" dmin="0" dmax="2" x="7968.75" z="9693.75" r="50"/>
        <zone name="Zone_hare" smin="0" smax="0" dmin="0" dmax="2" x="7946.25" z="9847.5" r="50"/>
        <zone name="Zone_hare" smin="0" smax="0" dmin="0" dmax="2" x="8081.25" z="9708.75" r="50"/>
        <zone name="Zone_hare" smin="0" smax="0" dmin="0" dmax="2" x="8115" z="8981.25" r="50"/>
        <zone name="Zone_hare" smin="0" smax="0" dmin="0" dmax="2" x="8175" z="8880" r="50"/>
        <zone name="Zone_hare" smin="0" smax="0" dmin="0" dmax="2" x="8250" z="8820" r="50"/>
        <zone name="Zone_hare" smin="0" smax="0" dmin="0" dmax="2" x="8313.75" z="9371.25" r="50"/>
        <zone name="Zone_hare" smin="0" smax="0" dmin="0" dmax="2" x="8396.25" z="9213.75" r="50"/>
        <zone name="Zone_hare" smin="0" smax="0" dmin="0" dmax="2" x="8610" z="9210" r="50"/>
        <zone name="Zone_hare" smin="0" smax="0" dmin="0" dmax="2" x="8445" z="9397.5" r="50"/>
        <zone name="Zone_hare" smin="0" smax="0" dmin="0" dmax="2" x="8512.5" z="9922.5" r="50"/>
        <zone name="Zone_hare" smin="0" smax="0" dmin="0" dmax="2" x="8347.5" z="9978.75" r="50"/>
        <zone name="Zone_hare" smin="0" smax="0" dmin="0" dmax="2" x="8553.75" z="10042.5" r="50"/>
        <zone name="Zone_hare" smin="0" smax="0" dmin="0" dmax="2" x="8756.25" z="9937.5" r="50"/>
        <zone name="Zone_hare" smin="0" smax="0" dmin="0" dmax="2" x="8846.25" z="9873.75" r="50"/>
        <zone name="Zone_hare" smin="0" smax="0" dmin="0" dmax="2" x="8632.5" z="9941.25" r="50"/>
        <zone name="Zone_hare" smin="0" smax="0" dmin="0" dmax="2" x="8403.75" z="10860" r="50"/>
        <zone name="Zone_hare" smin="0" smax="0" dmin="0" dmax="2" x="8572.5" z="10811.3" r="50"/>
        <zone name="Zone_hare" smin="0" smax="0" dmin="0" dmax="2" x="8670" z="10683.8" r="50"/>
        <zone name="Zone_hare" smin="0" smax="0" dmin="0" dmax="2" x="8703.75" z="10563.8" r="50"/>
        <zone name="Zone_hare" smin="0" smax="0" dmin="0" dmax="2" x="8677.5" z="10425" r="50"/>
        <zone name="Zone_hare" smin="0" smax="0" dmin="0" dmax="2" x="8718.75" z="10297.5" r="50"/>
        <zone name="Zone_hare" smin="0" smax="0" dmin="0" dmax="2" x="8951.25" z="10807.5" r="50"/>
        <zone name="Zone_hare" smin="0" smax="0" dmin="0" dmax="2" x="8760" z="10931.3" r="50"/>
        <zone name="Zone_hare" smin="0" smax="0" dmin="0" dmax="2" x="8842.5" z="11043.8" r="50"/>
        <zone name="Zone_hare" smin="0" smax="0" dmin="0" dmax="2" x="8988.75" z="11088.8" r="50"/>
        <zone name="Zone_hare" smin="0" smax="0" dmin="0" dmax="2" x="8988.75" z="11238.8" r="50"/>
        <zone name="Zone_hare" smin="0" smax="0" dmin="0" dmax="2" x="9176.25" z="11261.3" r="50"/>
        <zone name="Zone_hare" smin="0" smax="0" dmin="0" dmax="2" x="9243.75" z="11141.3" r="50"/>
        <zone name="Zone_hare" smin="0" smax="0" dmin="0" dmax="2" x="9101.25" z="11145" r="50"/>
        <zone name="Zone_hare" smin="0" smax="0" dmin="0" dmax="2" x="9461.25" z="10758.8" r="50"/>
        <zone name="Zone_hare" smin="0" smax="0" dmin="0" dmax="2" x="9303.75" z="10560" r="50"/>
        <zone name="Zone_hare" smin="0" smax="0" dmin="0" dmax="2" x="9765" z="9855" r="50"/>
        <zone name="Zone_hare" smin="0" smax="0" dmin="0" dmax="2" x="9828.75" z="9742.5" r="50"/>
        <zone name="Zone_hare" smin="0" smax="0" dmin="0" dmax="2" x="10222.5" z="9843.75" r="50"/>
        <zone name="Zone_hare" smin="0" smax="0" dmin="0" dmax="2" x="10158.8" z="9727.5" r="50"/>
        <zone name="Zone_hare" smin="0" smax="0" dmin="0" dmax="2" x="10365" z="9708.75" r="50"/>
        <zone name="Zone_hare" smin="0" smax="0" dmin="0" dmax="2" x="10387.5" z="9791.25" r="50"/>
        <zone name="Zone_hare" smin="0" smax="0" dmin="0" dmax="2" x="10050" z="9581.25" r="50"/>
        <zone name="Zone_hare" smin="0" smax="0" dmin="0" dmax="2" x="9975" z="9930" r="50"/>
        <zone name="Zone_hare" smin="0" smax="0" dmin="0" dmax="2" x="10072.5" z="9903.75" r="50"/>
        <zone name="Zone_hare" smin="0" smax="0" dmin="0" dmax="2" x="9603.75" z="9903.75" r="50"/>
        <zone name="Zone_hare" smin="0" smax="0" dmin="0" dmax="2" x="9457.5" z="9963.75" r="50"/>
        <zone name="Zone_hare" smin="0" smax="0" dmin="0" dmax="2" x="9375" z="9986.25" r="50"/>
        <zone name="Zone_hare" smin="0" smax="0" dmin="0" dmax="2" x="9240" z="10098.8" r="50"/>
        <zone name="Zone_hare" smin="0" smax="0" dmin="0" dmax="2" x="9131.25" z="10158.8" r="50"/>
        <zone name="Zone_hare" smin="0" smax="0" dmin="0" dmax="2" x="9378.75" z="9866.25" r="50"/>
        <zone name="Zone_hare" smin="0" smax="0" dmin="0" dmax="2" x="9386.25" z="9753.75" r="50"/>
        <zone name="Zone_hare" smin="0" smax="0" dmin="0" dmax="2" x="9525" z="9633.75" r="50"/>
        <zone name="Zone_hare" smin="0" smax="0" dmin="0" dmax="2" x="9660" z="9570" r="50"/>
        <zone name="Zone_hare" smin="0" smax="0" dmin="0" dmax="2" x="9806.25" z="9495" r="50"/>
        <zone name="Zone_hare" smin="0" smax="0" dmin="0" dmax="2" x="9037.5" z="10931.3" r="50"/>
        <zone name="Zone_hare" smin="0" smax="0" dmin="0" dmax="2" x="9052.5" z="10803.8" r="50"/>
        <zone name="Zone_hare" smin="0" smax="0" dmin="0" dmax="2" x="9041.25" z="10597.5" r="50"/>
        <zone name="Zone_hare" smin="0" smax="0" dmin="0" dmax="2" x="8992.5" z="10406.3" r="50"/>
        <zone name="Zone_hare" smin="0" smax="0" dmin="0" dmax="2" x="8925" z="10248.8" r="50"/>
        <zone name="Zone_hare" smin="0" smax="0" dmin="0" dmax="2" x="10620" z="12746.3" r="50"/>
        <zone name="Zone_hare" smin="0" smax="0" dmin="0" dmax="2" x="6520" z="11795" r="50"/>
        <zone name="Zone_hare" smin="0" smax="0" dmin="0" dmax="2" x="6450" z="11895" r="50"/>
        <zone name="Zone_hare" smin="0" smax="0" dmin="0" dmax="2" x="7275" z="10285" r="50"/>
        <zone name="Zone_hare" smin="0" smax="0" dmin="0" dmax="2" x="7145" z="10215" r="50"/>
        <zone name="Zone_hare" smin="0" smax="0" dmin="0" dmax="2" x="7270" z="9600" r="50"/>
        <zone name="Zone_hare" smin="0" smax="0" dmin="0" dmax="2" x="6985" z="9545" r="50"/>
        <zone name="Zone_hare" smin="0" smax="0" dmin="0" dmax="2" x="7170" z="9860" r="50"/>
        <zone name="Zone_hare" smin="0" smax="0" dmin="0" dmax="2" x="7205" z="9930" r="50"/>
        <zone name="Zone_hare" smin="0" smax="0" dmin="0" dmax="2" x="7053.75" z="10282.5" r="50"/>
    </territory>
</territory-type>
