<?xml version="1.0" encoding="UTF-8"?>
<territory-type>
    <territory color="4291611852"> <!-- Tumanovo -->
        <zone name="Zone_horses" smin="0" smax="0" dmin="0" dmax="0" x="8594.77" z="13500.3" r="100"/>
        <zone name="Zone_horses" smin="0" smax="0" dmin="0" dmax="0" x="8481.46" z="13471.3" r="100"/>
    </territory>
    <territory color="4291611852"> <!-- Valley between Rybnoye and Podgovnoye -->
        <zone name="Zone_horses" smin="0" smax="0" dmin="0" dmax="0" x="11379.7" z="12357.1" r="100"/>
        <zone name="Zone_horses" smin="0" smax="0" dmin="0" dmax="0" x="11429.5" z="12505.4" r="100"/>
        <zone name="Zone_horses" smin="0" smax="0" dmin="0" dmax="0" x="11539.3" z="12315.0" r="100"/>
    </territory>
    <territory color="4291611852"> <!-- Severomorsk -->
        <zone name="Zone_horses" smin="0" smax="0" dmin="0" dmax="0" x="9347.72" z="13296.3" r="100"/>
        <zone name="Zone_horses" smin="0" smax="0" dmin="0" dmax="0" x="9519.79" z="13146.4" r="100"/>
        <zone name="Zone_horses" smin="0" smax="0" dmin="0" dmax="0" x="9610.59" z="13238.7" r="100"/>
        <zone name="Zone_horses" smin="0" smax="0" dmin="0" dmax="0" x="9851.25" z="13259.2" r="100"/>
    </territory>
    <territory color="4291611852"> <!-- Jasnomorsk -->
        <zone name="Zone_horses" smin="0" smax="0" dmin="0" dmax="0" x="6957.22" z="13283.1" r="100"/>
        <zone name="Zone_horses" smin="0" smax="0" dmin="0" dmax="0" x="7015.85" z="13137.0" r="100"/>
        <zone name="Zone_horses" smin="0" smax="0" dmin="0" dmax="0" x="7035.07" z="12941.7" r="100"/>
        <zone name="Zone_horses" smin="0" smax="0" dmin="0" dmax="0" x="6882.44" z="12951.5" r="100"/>
    </territory>
    <territory color="4291611852">  <!-- North of Petro -->
        <zone name="Zone_horses" smin="0" smax="0" dmin="0" dmax="0" x="5645.7," z="12004.6" r="100"/>
        <zone name="Zone_horses" smin="0" smax="0" dmin="0" dmax="0" x="5771.09" z="11910.4" r="100"/>
    </territory>
    <territory color="4291611852"> <!-- Petro -->
        <zone name="Zone_horses" smin="0" smax="0" dmin="0" dmax="0" x="6383.82" z="11003.0" r="100"/>
        <zone name="Zone_horses" smin="0" smax="0" dmin="0" dmax="0" x="6107.09," z="11250.1" r="100"/>
        <zone name="Zone_horses" smin="0" smax="0" dmin="0" dmax="0" x="5754.91" z="11180.9" r="100"/>
    </territory>
    <territory color="4291611852"> <!-- Dudino -->
        <zone name="Zone_horses" smin="0" smax="0" dmin="0" dmax="0" x="6054.38" z="8137.65" r="100"/>
        <zone name="Zone_horses" smin="0" smax="0" dmin="0" dmax="0" x="5844.73" z="8010.74" r="100"/>
        <zone name="Zone_horses" smin="0" smax="0" dmin="0" dmax="0" x="5852.59" z="7831.96" r="100"/>
        <zone name="Zone_horses" smin="0" smax="0" dmin="0" dmax="0" x="6091.79" z="7690.89" r="100"/>
    </territory>
	<territory color="4291611852"> <!-- Nogovo -->
        <zone name="Zone_horses" smin="0" smax="0" dmin="0" dmax="0" x="8262.33" z="8108.49" r="100"/>
        <zone name="Zone_horses" smin="0" smax="0" dmin="0" dmax="0" x="8560.35" z="7814.3" r="100"/>
        <zone name="Zone_horses" smin="0" smax="0" dmin="0" dmax="0" x="8247.47" z="7694.73" r="100"/>
        <zone name="Zone_horses" smin="0" smax="0" dmin="0" dmax="0" x="8086.27" z="7541.35" r="100"/>
    </territory>
	<territory color="4291611852"> <!-- Yasnaya Polyana -->
        <zone name="Zone_horses" smin="0" smax="0" dmin="0" dmax="0" x="8080.63" z="9211.59" r="100"/> 
    </territory>
	<territory color="4291611852"> <!-- Juznoe -->
        <zone name="Zone_horses" smin="0" smax="0" dmin="0" dmax="0" x="10977.5" z="7003.03" r="100"/>
        <zone name="Zone_horses" smin="0" smax="0" dmin="0" dmax="0" x="10967.50" z="7195.78" r="100"/>
        <zone name="Zone_horses" smin="0" smax="0" dmin="0" dmax="0" x="10686.60" z="6881.91" r="100"/>
        <zone name="Zone_horses" smin="0" smax="0" dmin="0" dmax="0" x="11052.6" z="6717.2" r="100"/>
    </territory>
	<territory color="4291611852"> <!-- Aniva -->
        <zone name="Zone_horses" smin="0" smax="0" dmin="0" dmax="0" x="12400.1" z="6675.02" r="100"/>
        <zone name="Zone_horses" smin="0" smax="0" dmin="0" dmax="0" x="12627.9" z="6717.09" r="100"/>
        <zone name="Zone_horses" smin="0" smax="0" dmin="0" dmax="0" x="12327.6" z="8223.41" r="100"/>
    </territory>
	<territory color="4291611852"> <!-- Vostok -->
        <zone name="Zone_horses" smin="0" smax="0" dmin="0" dmax="0" x="13715.1" z="8379.55" r="100"/>
        <zone name="Zone_horses" smin="0" smax="0" dmin="0" dmax="0" x="13476.2" z="8523.75" r="100"/>
        <zone name="Zone_horses" smin="0" smax="0" dmin="0" dmax="0" x="14126.4" z="8498.91" r="100"/>
    </territory>
	<territory color="4291611852"> <!-- Vajkovo -->
        <zone name="Zone_horses" smin="0" smax="0" dmin="0" dmax="0" x="14344.50" z="9629.99" r="100"/>
        <zone name="Zone_horses" smin="0" smax="0" dmin="0" dmax="0" x="14584.1" z="9669.4" r="100"/>
        <zone name="Zone_horses" smin="0" smax="0" dmin="0" dmax="0" x="14187.50" z="10156.9" r="100"/>
    </territory>
</territory-type>
